country,year,registrations,country_code,charging_points,population_millions,charging_points_per_100k,ev_share_of_market
AL,2019,42862,,,,0.0,0.00010989030597981707
AL,2020,48703,,,,0.0,0.0001248655585865109
AL,2021,59071,,,,0.0,0.00015144720882212154
AL,2022,50945,,,,0.0,0.0001306136353446358
AL,2023,69129,,,,0.0,0.00017723407591990046
AL,2024,88046,,,,0.0,0.00022573379404365108
AU,2013,322262,,,,0.0,0.0008262206566578276
AU,2014,306959,,,,0.0,0.0007869865716312506
AU,2015,313744,,,,0.0,0.0008043820670834708
AU,2016,338141,,,,0.0,0.0008669315000308273
AU,2017,367046,,,,0.0,0.0009410386180922013
AU,2018,357226,,,,0.0,0.0009158619393389513
AU,2019,355110,,,,0.0,0.0009104369034691063
AU,2020,298379,,,,0.0,0.0007649890254293275
AU,2021,329765,,,,0.0,0.0008454569724099289
AU,2022,303341,,,,0.0,0.0007777106832677823
AU,2023,354357,,,,0.0,0.0009085063495891473
AU,2024,379429,,,,0.0,0.0009727863587237182
AU,2025,457493,,,,0.0,0.0011729281357291878
BE,2013,496702,BE,1.0,11.7,0.008547008547008548,0.0012734528197654589
BE,2014,497204,BE,1.0,11.7,0.008547008547008548,0.0012747398556854314
BE,2015,518489,BE,1.0,11.7,0.008547008547008548,0.001329310691455587
BE,2016,565196,BE,1.0,11.7,0.008547008547008548,0.001449058872161091
BE,2017,580701,BE,1.0,11.7,0.008547008547008548,0.0014888108481355454
BE,2018,586009,BE,1.0,11.7,0.008547008547008548,0.0015024195865084833
BE,2019,601905,BE,1.0,11.7,0.008547008547008548,0.0015431740147632351
BE,2020,525539,BE,1.0,11.7,0.008547008547008548,0.0013473855982998246
BE,2021,530860,BE,1.0,11.7,0.008547008547008548,0.00136102766628822
BE,2022,545541,BE,1.0,11.7,0.008547008547008548,0.0013986670574059861
BE,2023,770449,BE,1.0,11.7,0.008547008547008548,0.0019752899153526217
BE,2024,756958,BE,1.0,11.7,0.008547008547008548,0.0019407014659575
BE,2025,729513,BE,1.0,11.7,0.008547008547008548,0.001870337520093656
BO,2013,6055,,,,0.0,1.5523909353455096e-05
BO,2014,5979,,,,0.0,1.532905929385764e-05
BO,2015,5712,,,,0.0,1.46445202686929e-05
BO,2016,7508,,,,0.0,1.9249134834969587e-05
BO,2017,8307,,,,0.0,2.1297624277316513e-05
BO,2018,8607,,,,0.0,2.2066769249411727e-05
BO,2019,8895,,,,0.0,2.2805148422623133e-05
BO,2020,6672,,,,0.0,1.7105784179397588e-05
BO,2021,7702,,,,0.0,1.9746515250257828e-05
BO,2022,8565,,,,0.0,2.1959088953318396e-05
BO,2023,10214,,,,0.0,2.618682248326843e-05
BO,2024,10684,,,,0.0,2.739181627288427e-05
BO,2025,12334,,,,0.0,3.162211361940795e-05
BU,2013,15114,,,,0.0,3.8749523694156946e-05
BU,2014,16626,,,,0.0,4.262601435351683e-05
BU,2015,17281,,,,0.0,4.4305314209258056e-05
BU,2016,20397,,,,0.0,5.229416665275369e-05
BU,2017,26008,,,,0.0,6.667974144750787e-05
BU,2018,28729,,,,0.0,7.365588634441147e-05
BU,2019,33073,,,,0.0,8.479310554035018e-05
BU,2020,21038,,,,0.0,5.39375730764638e-05
BU,2021,25521,,,,0.0,6.543116277613997e-05
BU,2022,30116,,,,0.0,7.721189993206502e-05
BU,2023,40278,,,,0.0,0.0001032654039535036
BU,2024,45936,,,,0.0,0.00011777147812721937
BU,2025,54213,,,,0.0,0.00013899218790732636
CR,2013,27805,,,,0.0,7.128691983035821e-05
CR,2014,34044,,,,0.0,8.728257143336503e-05
CR,2015,34900,,,,0.0,8.947719842041005e-05
CR,2016,43081,,,,0.0,0.00011045178180944657
CR,2017,50467,,,,0.0,0.00012938813102243078
CR,2018,60038,,,,0.0,0.0001539264194488418
CR,2019,63254,,,,0.0,0.0001621716535497025
CR,2020,39009,,,,0.0,0.00010001192072154084
CR,2021,36367,,,,0.0,9.323831733395565e-05
CR,2022,45575,,,,0.0,0.00011684594034413146
CR,2023,56185,,,,0.0,0.00014404803419056558
CR,2024,54286,,,,0.0,0.00013917934651720286
CR,2025,60522,,,,0.0,0.00015516730667048873
CY,2013,7139,,,,0.0,1.8303086519292474e-05
CY,2014,8380,,,,0.0,2.1484782887193014e-05
CY,2015,10284,,,,0.0,2.636628964342398e-05
CY,2016,12856,,,,0.0,3.296042587085363e-05
CY,2017,13895,,,,0.0,3.562423129087672e-05
CY,2018,14114,,,,0.0,3.6185707120506226e-05
CY,2019,13711,,,,0.0,3.515248904132499e-05
CY,2020,11703,,,,0.0,3.000434536143435e-05
CY,2021,13763,,,,0.0,3.528580750315483e-05
CY,2022,16231,,,,0.0,4.16133068069248e-05
CY,2023,21552,,,,0.0,5.5255374795320266e-05
CY,2024,23355,,,,0.0,5.9877936077612514e-05
CY,2025,23774,,,,0.0,6.095217522197216e-05
CZ,2013,164660,,,,0.0,0.0004221580370173272
CZ,2014,192981,,,,0.0,0.0004947678861996892
CZ,2015,230043,,,,0.0,0.0005897880560523321
CZ,2016,258064,,,,0.0,0.0006616287602625988
CZ,2017,269998,,,,0.0,0.0006922253472525465
CZ,2018,260256,,,,0.0,0.0006672486461920412
CZ,2019,248345,,,,0.0,0.0006367110269832874
CZ,2020,216434,,,,0.0,0.0005548970763015194
CZ,2021,212469,,,,0.0,0.0005447315435869943
CZ,2022,198874,,,,0.0,0.0005098764572682128
CZ,2023,256011,,,,0.0,0.0006563652448368939
CZ,2024,236053,,,,0.0,0.0006051965936599729
CZ,2025,254806,,,,0.0,0.0006532758458656448
DE,2013,181175,DE,1.0,83.2,0.001201923076923077,0.0004644994677311688
DE,2014,190052,DE,1.0,83.2,0.001201923076923077,0.0004872584674554662
DE,2015,208324,DE,1.0,83.2,0.001201923076923077,0.0005341045238892122
DE,2016,224306,DE,1.0,83.2,0.001201923076923077,0.0005750794403692979
DE,2017,222785,DE,1.0,83.2,0.001201923076923077,0.0005711798753607752
DE,2018,223145,DE,1.0,83.2,0.001201923076923077,0.0005721028493272894
DE,2019,235001,DE,1.0,83.2,0.001201923076923077,0.0006024994586244923
DE,2020,241945,DE,1.0,83.2,0.001201923076923077,0.0006203026009119229
DE,2021,262068,DE,1.0,83.2,0.001201923076923077,0.0006718942818234963
DE,2022,235805,DE,1.0,83.2,0.001201923076923077,0.0006045607671497074
DE,2023,284260,DE,1.0,83.2,0.001201923076923077,0.000728790499225953
DE,2024,300368,DE,1.0,83.2,0.001201923076923077,0.0007700884565943188
DE,2025,343785,DE,1.0,83.2,0.001201923076923077,0.000881401680772512
ES,2013,20015,ES,1.0,48.6,0.00205761316872428,5.1314788721619114e-05
ES,2014,21770,ES,1.0,48.6,0.00205761316872428,5.5814286808376126e-05
ES,2015,21445,ES,1.0,48.6,0.00205761316872428,5.4981046421939644e-05
ES,2016,23824,ES,1.0,48.6,0.00205761316872428,6.10803660506547e-05
ES,2017,26834,ES,1.0,48.6,0.00205761316872428,6.879745393734336e-05
ES,2018,27967,ES,1.0,48.6,0.00205761316872428,7.170225811528963e-05
ES,2019,30472,ES,1.0,48.6,0.00205761316872428,7.812461863228467e-05
ES,2020,22481,ES,1.0,48.6,0.00205761316872428,5.763716039224178e-05
ES,2021,29686,ES,1.0,48.6,0.00205761316872428,7.61094588053952e-05
ES,2022,28466,ES,1.0,48.6,0.00205761316872428,7.298160258554133e-05
ES,2023,34124,ES,1.0,48.6,0.00205761316872428,8.748767675925708e-05
ES,2024,40050,ES,1.0,48.6,0.00205761316872428,0.00010268085377471125
ES,2025,22182,ES,1.0,48.6,0.00205761316872428,5.687057923672022e-05
EU,2013,9659611,,,,0.0,0.024765470776818784
EU,2014,10140897,,,,0.0,0.02599939980028484
EU,2015,11154082,,,,0.0,0.028597020295459144
EU,2016,12035919,,,,0.0,0.030857888611317573
EU,2017,12879579,,,,0.0,0.03302087810184374
EU,2018,13152403,,,,0.0,0.03372034879473342
EU,2019,13485850,,,,0.0,0.03457524573976753
EU,2020,10669943,,,,0.0,0.02735577670330846
EU,2021,10766895,,,,0.0,0.027604343847757045
EU,2022,13073729,,,,0.0,0.03351864308961802
EU,2023,15704000,,,,0.0,0.04026217547261087
EU,2024,16169926,,,,0.0,0.041456724273505656
EU,2025,17467844,,,,0.0,0.044784347953145245
FI,2013,103500,,,,0.0,0.00026535501537284926
FI,2014,108992,,,,0.0,0.000279435495995339
FI,2015,112323,,,,0.0,0.00028797556900216954
FI,2016,125111,,,,0.0,0.00032076165534601495
FI,2017,130156,,,,0.0,0.0003336961099600828
FI,2018,138068,,,,0.0,0.0003539810266908073
FI,2019,137638,,,,0.0,0.0003528785855641375
FI,2020,132621,,,,0.0,0.0003400159178141318
FI,2021,156891,,,,0.0,0.00040223974605663475
FI,2022,138111,,,,0.0,0.00035409127080347427
FI,2023,155397,,,,0.0,0.0003984094040956006
FI,2024,133333,,,,0.0,0.00034184135521457115
FI,2025,132729,,,,0.0,0.0003402928100040861
FR,2013,1812464,FR,1.0,68.0,0.0014705882352941176,0.004646825242345274
FR,2014,1819600,FR,1.0,68.0,0.0014705882352941176,0.004665120637414846
FR,2015,1963995,FR,1.0,68.0,0.0014705882352941176,0.005035322931567141
FR,2016,2064531,FR,1.0,68.0,0.0014705882352941176,0.00529307879461569
FR,2017,2266478,FR,1.0,68.0,0.0014705882352941176,0.0058108338602147315
FR,2018,2363542,FR,1.0,68.0,0.0014705882352941176,0.006059688152119565
FR,2019,2430015,FR,1.0,68.0,0.0014705882352941176,0.006230112731219849
FR,2020,2054306,FR,1.0,68.0,0.0014705882352941176,0.005266863770150111
FR,2021,2314959,FR,1.0,68.0,0.0014705882352941176,0.005935130251521892
FR,2022,2253794,FR,1.0,68.0,0.0014705882352941176,0.005778314410794546
FR,2023,2749856,FR,1.0,68.0,0.0014705882352941176,0.007050126387952868
FR,2024,2823449,FR,1.0,68.0,0.0014705882352941176,0.007238805341057545
FR,2025,2854537,FR,1.0,68.0,0.0014705882352941176,0.007318509270699199
GE,2013,2958482,,,,0.0,0.0075850051844473226
GE,2014,3045295,,,,0.0,0.007807577792655662
GE,2015,3218405,,,,0.0,0.008251400079720339
GE,2016,3297314,,,,0.0,0.008453708281730542
GE,2017,3554002,,,,0.0,0.009111809230387798
GE,2018,3605734,,,,0.0,0.009244440589375897
GE,2019,3914385,,,,0.0,0.010035765138649764
GE,2020,3642465,,,,0.0,0.009338612135942661
GE,2021,3736948,,,,0.0,0.009580849217270902
GE,2022,3955694,,,,0.0,0.010141673837490702
GE,2023,4217223,,,,0.0,0.010812186222181
GE,2024,4156313,,,,0.0,0.010656024154679936
GE,2025,4542667,,,,0.0,0.011646564943176185
GR,2013,58661,,,,0.0,0.00015039604402692475
GR,2014,70848,,,,0.0,0.00018164127661000605
GR,2015,75529,,,,0.0,0.00019364250199126504
GR,2016,78810,,,,0.0,0.00020205438416941307
GR,2017,88038,,,,0.0,0.00022571328351106188
GR,2018,103399,,,,0.0,0.00026509606989891054
GR,2019,114195,,,,0.0,0.0002927750336280437
GR,2020,80275,,,,0.0,0.00020581037544981136
GR,2021,130480,,,,0.0,0.00033452678652994564
GR,2022,142529,,,,0.0,0.00036541821242586314
GR,2023,191203,,,,0.0,0.0004902094203317382
GR,2024,211769,,,,0.0,0.0005429368719854389
GR,2025,237709,,,,0.0,0.0006094422739059385
HU,2013,57012,,,,0.0,0.00014616831049697472
HU,2014,68566,,,,0.0,0.00017579064718893512
HU,2015,78365,,,,0.0,0.0002009134857941385
HU,2016,98733,,,,0.0,0.0002531333017662563
HU,2017,121031,,,,0.0,0.00031030128372552
HU,2018,144465,,,,0.0,0.00037038176131245094
HU,2019,170276,,,,0.0,0.0004365564308949496
HU,2020,166014,,,,0.0,0.00042562944465805025
HU,2021,178780,,,,0.0,0.0004583591270372753
HU,2022,163714,,,,0.0,0.0004197326665386536
HU,2023,164241,,,,0.0,0.0004210837978729675
HU,2024,191971,,,,0.0,0.000492178431460302
HU,2025,212947,,,,0.0,0.0005459570479091994
IC,2013,7274,,,,0.0,1.8649201756735322e-05
IC,2014,9536,,,,0.0,2.4448554846333243e-05
IC,2015,14029,,,,0.0,3.596778271174592e-05
IC,2016,18442,,,,0.0,4.7281905251266536e-05
IC,2017,30098,,,,0.0,7.71657512337393e-05
IC,2018,25902,,,,0.0,6.640797689070089e-05
IC,2019,17787,,,,0.0,4.560260539552532e-05
IC,2020,15533,,,,0.0,3.98237628385166e-05
IC,2021,27393,,,,0.0,7.023062740201411e-05
IC,2022,28979,,,,0.0,7.429684048782415e-05
IC,2023,30972,,,,0.0,7.940652691911003e-05
IC,2024,16631,,,,0.0,4.2638833436385085e-05
IC,2025,26610,,,,0.0,6.822315902484559e-05
IR,2013,75009,,,,0.0,0.00019230931737296668
IR,2014,84330,,,,0.0,0.000216206651655965
IR,2015,130453,,,,0.0,0.00033445756348245706
IR,2016,150165,,,,0.0,0.00038499551578226
IR,2017,139023,,,,0.0,0.00035642947151864375
IR,2018,137526,,,,0.0,0.0003525914381078886
IR,2019,142010,,,,0.0,0.00036408759162413843
IR,2020,110057,,,,0.0,0.000282165960646277
IR,2021,145142,,,,0.0,0.00037211746513281246
IR,2022,152617,,,,0.0,0.0003912819940208516
IR,2023,181187,,,,0.0,0.0004645302335300526
IR,2024,181991,,,,0.0,0.0004665915420552678
IR,2025,199294,,,,0.0,0.0005109532602291461
IT,2013,1312180,IT,1.0,58.9,0.001697792869269949,0.0033641888316129987
IT,2014,1377340,IT,1.0,58.9,0.001697792869269949,0.0035312471195520796
IT,2015,1595433,IT,1.0,58.9,0.001697792869269949,0.004090397567549285
IT,2016,1850338,IT,1.0,58.9,0.001697792869269949,0.004743927231255721
IT,2017,1995935,IT,1.0,58.9,0.001697792869269949,0.005117211232929545
IT,2018,1949510,IT,1.0,58.9,0.001697792869269949,0.004998186048497811
IT,2019,1959091,IT,1.0,58.9,0.001697792869269949,0.005022749975089958
IT,2020,1468189,IT,1.0,58.9,0.001697792869269949,0.0037641672914516737
IT,2021,2072261,IT,1.0,58.9,0.001697792869269949,0.00531289709673001
IT,2022,1904263,IT,1.0,58.9,0.001697792869269949,0.004882181039989836
IT,2023,2286730,IT,1.0,58.9,0.001697792869269949,0.005862756273464305
IT,2024,2346094,IT,1.0,58.9,0.001697792869269949,0.006014954680542507
IT,2025,2426379,IT,1.0,58.9,0.001697792869269949,0.006220790694158055
KO,2017,19502,,,,0.0,4.9999550819336296e-05
KO,2018,9967,,,,0.0,2.5553559789576703e-05
KO,2019,22587,,,,0.0,5.790892494904876e-05
KO,2021,27456,,,,0.0,7.03921478461541e-05
KO,2025,43081,,,,0.0,0.00011045178180944657
LA,2013,11070,,,,0.0,2.8381449470313444e-05
LA,2014,13348,,,,0.0,3.422182362508978e-05
LA,2015,14317,,,,0.0,3.670616188495733e-05
LA,2016,16805,,,,0.0,4.308493752020031e-05
LA,2017,17123,,,,0.0,4.3900231190621236e-05
LA,2018,17281,,,,0.0,4.4305314209258056e-05
LA,2019,18667,,,,0.0,4.7858763980337944e-05
LA,2020,14154,,,,0.0,3.628825978345226e-05
LA,2021,15248,,,,0.0,3.9093075115026144e-05
LA,2022,23456,,,,0.0,6.0136881551551234e-05
LA,2023,26970,,,,0.0,6.914613299135986e-05
LA,2024,26755,,,,0.0,6.859491242802495e-05
LA,2025,37995,,,,0.0,9.741221071585902e-05
LI,2013,14280,,,,0.0,3.661130067173225e-05
LI,2014,13648,,,,0.0,3.4990968597185e-05
LI,2015,16014,,,,0.0,4.105695861044259e-05
LI,2016,18792,,,,0.0,4.8179241052044286e-05
LI,2017,21795,,,,0.0,5.5878382222717394e-05
LI,2018,26136,,,,0.0,6.700790996893515e-05
LI,2019,31217,,,,0.0,8.003466197965446e-05
LI,2020,51349,,,,0.0,0.00013164941724039072
LI,2021,42288,,,,0.0,0.00010841867526654155
LI,2022,37497,,,,0.0,9.613543006218096e-05
LI,2023,43048,,,,0.0,0.0001103671758625161
LI,2024,47082,,,,0.0,0.00012070961192062309
LI,2025,63373,,,,0.0,0.00016247674772196694
LU,2013,47139,,,,0.0,0.00012085574946532118
LU,2014,50606,,,,0.0,0.00012974450152616822
LU,2015,47039,,,,0.0,0.0001205993678079561
LU,2016,51496,,,,0.0,0.00013202629827671736
LU,2017,54711,,,,0.0,0.0001402689685610044
LU,2018,55039,,,,0.0,0.00014110990039716185
LU,2019,59152,,,,0.0,0.00015165487796458724
LU,2020,54144,,,,0.0,0.00013881528456374445
LU,2021,60689,,,,0.0,0.00015559546403828842
LU,2022,60367,,,,0.0,0.00015476991510157288
LU,2023,74483,,,,0.0,0.00019096074985522642
LU,2024,73648,,,,0.0,0.00018881996301622805
LU,2025,77730,,,,0.0,0.00019928546226987028
MA,2013,5767,,,,0.0,1.478553018024369e-05
MA,2014,6481,,,,0.0,1.66160952138303e-05
MA,2015,7242,,,,0.0,1.8567159626378498e-05
MA,2016,7446,,,,0.0,1.9090178207403243e-05
MA,2017,8028,,,,0.0,2.058231945326796e-05
MA,2018,8985,,,,0.0,2.30358919142517e-05
MA,2019,8708,,,,0.0,2.232571472335045e-05
MA,2020,5447,,,,0.0,1.396510887667546e-05
MA,2021,7278,,,,0.0,1.8659457023029923e-05
MA,2022,10032,,,,0.0,2.5720207866864e-05
MA,2023,11774,,,,0.0,3.018637633816355e-05
MA,2024,12612,,,,0.0,3.233485462688285e-05
MA,2025,11003,,,,0.0,2.8209673759878845e-05
MO,2013,29698,,,,0.0,7.614022460427901e-05
MO,2014,26708,,,,0.0,6.847441304906337e-05
MO,2015,19261,,,,0.0,4.9381671025086476e-05
MO,2016,19522,,,,0.0,5.005082715080931e-05
MO,2017,45261,,,,0.0,0.00011604090194000514
MO,2018,30302,,,,0.0,7.768876981476405e-05
MO,2019,36142,,,,0.0,9.266145860488424e-05
MO,2020,34565,,,,0.0,8.861831986823705e-05
MO,2021,44544,,,,0.0,0.00011420264545669757
MO,2022,36961,,,,0.0,9.476122437870417e-05
MO,2023,50616,,,,0.0,0.00012977013969190472
MO,2024,63657,,,,0.0,0.00016320487162888373
MO,2025,66806,,,,0.0,0.00017127833001930984
NE,2013,462662,,,,0.0,0.0011861805035983883
NE,2014,417207,,,,0.0,0.001069642221243095
NE,2015,508318,,,,0.0,0.0013032341130849855
NE,2016,416416,,,,0.0,0.0010676142423333374
NE,2017,442996,,,,0.0,0.0011357604868609734
NE,2018,493687,,,,0.0,0.001265722912795902
NE,2019,540506,,,,0.0,0.0013857582409576548
NE,2020,490765,,,,0.0,0.0012582314407676945
NE,2021,488505,,,,0.0,0.0012524372153112438
NE,2022,497710,,,,0.0,0.0012760371468716987
NE,2023,620681,,,,0.0,0.0015913122347501012
NE,2024,673737,,,,0.0,0.0017273380868817135
NE,2025,719079,,,,0.0,0.0018435866579641844
NO,2013,190174,,,,0.0,0.0004875712530774516
NO,2014,199504,,,,0.0,0.0005114916617096128
NO,2015,221646,,,,0.0,0.000568259688283387
NO,2016,253268,,,,0.0,0.00064933269597537
NO,2017,277389,,,,0.0,0.000711174515548399
NO,2018,281896,,,,0.0,0.0007227296368458427
NO,2019,286367,,,,0.0,0.0007341924607466351
NO,2020,312887,,,,0.0,0.0008021848762798521
NO,2021,391289,,,,0.0,0.0010031932232872156
NO,2022,380468,,,,0.0,0.0009754501641437412
NO,2023,287874,,,,0.0,0.0007380561323231267
NO,2024,300836,,,,0.0,0.0007712883227507873
NO,2025,402781,,,,0.0,0.0010326566033516096
PO,2013,398037,,,,0.0,0.0010204938575262108
PO,2014,472758,,,,0.0,0.001212064795725966
PO,2015,538675,,,,0.0,0.0013810638928113004
PO,2016,631859,,,,0.0,0.0016199705764103687
PO,2017,733396,,,,0.0,0.0018802928198491417
PO,2018,797891,,,,0.0,0.002045646169766745
PO,2019,830636,,,,0.0,0.0021295983434709374
PO,2020,654506,,,,0.0,0.0016780333303538367
PO,2021,720142,,,,0.0,0.001846311994981975
PO,2022,725004,,,,0.0,0.001858777271163065
PO,2023,893378,,,,0.0,0.002290457322934931
PO,2024,1023294,,,,0.0,0.0026235381169173377
PO,2025,1168243,,,,0.0,0.0029951607654514355
RO,2013,57947,,,,0.0,0.00014856547899333813
RO,2014,70429,,,,0.0,0.00018056703746564638
RO,2015,81289,,,,0.0,0.00020841008545549318
RO,2016,96310,,,,0.0,0.0002469211742083006
RO,2017,109194,,,,0.0,0.00027995338694321645
RO,2018,135370,,,,0.0,0.00034706384957509766
RO,2019,170537,,,,0.0,0.00043722558702067243
RO,2020,143444,,,,0.0,0.00036776410459075356
RO,2021,158262,,,,0.0,0.0004057547385791099
RO,2022,175372,,,,0.0,0.00044962164015427365
RO,2023,204193,,,,0.0,0.000523513397623461
RO,2024,219369,,,,0.0,0.0005624218779451843
RO,2025,242599,,,,0.0,0.0006219793369510904
SE,2015,30572,SE,1.0,10.6,0.009433962264150943,7.838100028964974e-05
SE,2016,34461,SE,1.0,10.6,0.009433962264150943,8.835168294457738e-05
SE,2017,40461,SE,1.0,10.6,0.009433962264150943,0.00010373458238648168
SE,2018,43954,SE,1.0,10.6,0.009433962264150943,0.00011268999367824364
SE,2019,50324,SE,1.0,10.6,0.009433962264150943,0.00012902150525239873
SE,2020,46721,SE,1.0,10.6,0.009433962264150943,0.00011978407413753519
SE,2021,45719,SE,1.0,10.6,0.009433962264150943,0.00011721512993073716
SE,2022,48866,SE,1.0,10.6,0.009433962264150943,0.00012528346068801596
SE,2023,55727,SE,1.0,10.6,0.009433962264150943,0.00014287380619983355
SE,2024,63871,SE,1.0,10.6,0.009433962264150943,0.00016375352837564498
SE,2025,72679,SE,1.0,10.6,0.009433962264150943,0.0001863356247563605
SL,2013,117434,,,,0.0,0.0003010792355100984
SL,2014,125816,,,,0.0,0.0003225691460304387
SL,2015,138986,,,,0.0,0.00035633461030541865
SL,2016,153609,,,,0.0,0.0003938253000619131
SL,2017,169300,,,,0.0,0.0004340541459190665
SL,2018,173942,,,,0.0,0.00044595538245395316
SL,2019,175314,,,,0.0,0.0004494729387930019
SL,2020,142189,,,,0.0,0.0003645465147908219
SL,2021,154171,,,,0.0,0.00039526616497630477
SL,2022,153927,,,,0.0,0.000394640593732334
SL,2023,180362,,,,0.0,0.00046241508485679074
SL,2024,193529,,,,0.0,0.0004961728576820498
SL,2025,216899,,,,0.0,0.000556089251008267
SP,2013,743241,,,,0.0,0.001905533594016733
SP,2014,899607,,,,0.0,0.002306427336372201
SP,2015,1057647,,,,0.0,0.0027116129076719606
SP,2016,1261114,,,,0.0,0.0032332649744629513
SP,2017,1399152,,,,0.0,0.003587169086656549
SP,2018,1522177,,,,0.0,0.0039025826206299285
SP,2019,1496372,,,,0.0,0.0038364233339468717
SP,2020,1107045,,,,0.0,0.0028382603187771588
SP,2021,1207182,,,,0.0,0.0030949932190128208
SP,2022,1171878,,,,0.0,0.0030044802386966557
SP,2023,1406004,,,,0.0,0.003604736357819204
SP,2024,1578273,,,,0.0,0.004046402475145439
SP,2025,1922281,,,,0.0,0.004928375887013875
SW,2013,620801,,,,0.0,0.0015916198927389393
SW,2014,652010,,,,0.0,0.0016716340441860044
SW,2015,723000,,,,0.0,0.0018536393827494689
SW,2016,752650,,,,0.0,0.0019296565441582127
SW,2017,768002,,,,0.0,0.0019690162561968984
SW,2018,740884,,,,0.0,0.0018994906783526384
SW,2019,793377,,,,0.0,0.0020340731017532854
SW,2020,747854,,,,0.0,0.0019173604798709838
SW,2021,868559,,,,0.0,0.002226825959393494
SW,2022,862760,,,,0.0,0.002211958387082893
SW,2023,900923,,,,0.0,0.0023098013189831257
SW,2024,857448,,,,0.0,0.0021983393934436606
SW,2025,869376,,,,0.0,0.0022289205975341664
TÜ,2013,655112,,,,0.0,0.001679587003197469
TÜ,2014,585905,,,,0.0,0.0015021529495848238
TÜ,2015,746749,,,,0.0,0.0019145274625570997
TÜ,2016,746337,,,,0.0,0.0019134711701287556
TÜ,2017,742413,,,,0.0,0.0019034107538937503
TÜ,2018,530160,,,,0.0,0.0013592329946866646
TÜ,2019,400020,,,,0.0,0.0010255779057917601
TÜ,2020,623099,,,,0.0,0.0015975115432251886
TÜ,2021,670820,,,,0.0,0.0017198594339363745
TÜ,2022,622671,,,,0.0,0.001596414229731666
TÜ,2023,1099259,,,,0.0,0.0028182984429347144
TÜ,2024,1288113,,,,0.0,0.003302485458134947
TÜ,2025,1307406,,,,0.0,0.00335194917129039
UK,2019,81022,,,,0.0,0.00020772554643032844
UK,2020,94496,,,,0.0,0.00024227041094369823
UK,2021,119498,,,,0.0,0.0003063709529181135
UK,2022,46387,,,,0.0,0.00011892775940193585
UK,2023,81022,,,,0.0,0.00020772554643032844
UK,2024,92626,,,,0.0,0.00023747607395097138
UK,2025,120449,,,,0.0,0.0003088091424796553
UN,2013,2264737,,,,0.0,0.005806370255560005
UN,2014,2476435,,,,0.0,0.006349125096568715
UN,2015,2674684,,,,0.0,0.006857399168478396
UN,2016,2754560,,,,0.0,0.007062186581115321
UN,2017,2628806,,,,0.0,0.006739776391712448
UN,2018,2487390,,,,0.0,0.0063772117071330585
UN,2019,2311140,,,,0.0,0.00592533903602712
UN,2020,1631064,,,,0.0,0.004181748915885034
UN,2021,2198396,,,,0.0,0.005636284100247443
UN,2022,2298262,,,,0.0,0.0058923222061916455
UN,2023,2798107,,,,0.0,0.007173833101448089
UN,2024,3064186,,,,0.0,0.007856010851548498
